title,author
Берсерк забытого клана. Руссия магов,Алекс Нагорный
Зверь,Алексей Калинин
Берсерк забытого клана. Архидемоны и маги,Алекс Нагорный
Берсерк забытого клана. Элементаль,Алекс Нагорный
Берсерк забытого клана. Руссия магов,Алекс Нагорный
Смертник из рода Валевских. Книга 6,Василий Маханенко
Крылья Мальгуса. Ступень вторая,Инди Видум
Берсерк забытого клана. Рекруты Магов Руссии,Алекс Нагорный
Пустышка,Юрий Москаленко
Волков. Гимназия №6,Валерий Пылаев
Истинный князь,Дмитрий Шелег
Коллекционер душ. Книга 5,Михаил Липарк
Крылья Мальгуса. Ступень первая,Инди Видум
Возрождение Феникса. Книга 8,Григорий Володин
Мастер лута,Константин Муравьёв
Берсерк забытого клана. Архидемоны и маги,Алекс Нагорный
Князь Демидов. Книга 2,Евгений Бергер
Смертник из рода Валевских. Книга 1,Василий Маханенко
Берсерк забытого клана. Скрижаль,Алекс Нагорный
Пустышка,Юрий Москаленко
Возрождение Феникса. Книга 9,Григорий Володин
Берсерк забытого клана. Элементаль,Алекс Нагорный
Крылья Мальгуса. Падение,Инди Видум
Берсерк забытого клана. Рекруты Магов Руссии,Алекс Нагорный
Слово и чистота: Излом,Александр Зайцев
Смертник из рода Валевских. Книга 4,Василий Маханенко
Легион уходит в бой,Алекс Нагорный
Смертник из рода Валевских. Книга 2,Василий Маханенко
Менталист. Коронация. Том 1,Андрей Еслер
Падение в небо,Алекс Нагорный
Одарённый. Книга 4. Князь,Тим Волков
Смертник из рода Валевских. Книга 3,Василий Маханенко
Смертник из рода Валевских. Книга 6,Василий Маханенко
Путь чести,Иван Щукин
Дельта. Книга 7. Пожиратель,Борис Романовский
Одарённый. Книга 3. Адъютант,Тим Волков
Смертник из рода Валевских. Книга 5,Василий Маханенко
Сильнейший ученик. Книга 4,Андрей Ткачев
Двойник Рода. Начало пути,Игорь Лахов
Менталист. Трансформация,Андрей Еслер
Менталист. Аннигиляция,Андрей Еслер
Бандит-6. Король,Евгений Щепетнов
Смертник из рода Валевских. Книга 3,Василий Маханенко
Одарённый. Книга 5. Гранд,Тим Волков
Я покорю Лабиринт с помощью техник массажа. Книга 7,Андрей Ткачев
Коллекционер душ. Книга 2,Михаил Липарк
Смертник из рода Валевских. Книга 2,Василий Маханенко
Смертник из рода Валевских. Книга 1,Василий Маханенко
Самый быстрый,Сергей Савинов
Возрождение Феникса. Книга 6,Григорий Володин
Возрождение Феникса. Книга 1,Григорий Володин
Берсерк забытого клана. Врата войны,Алекс Нагорный
Берсерк забытого клана. Обратная сторона Войны,Алекс Нагорный
Берсерк забытого клана. Боги и Демоны Захребетья,Алекс Нагорный
Смертник из рода Валевских. Книга 5,Василий Маханенко
Возрождение Феникса. Книга 7,Григорий Володин
Коллекционер душ. Книга 1,Михаил Липарк
Берсерк забытого клана. Тени забытых пророчеств,Алекс Нагорный
Коллекционер душ. Книга 4,Михаил Липарк
Берсерк забытого клана. Тайна Одинокого Бастиона,Алекс Нагорный
Берсерк забытого клана. Рунические войны Захребетья,Алекс Нагорный
Берсерк забытого клана. Боги и Демоны Захребетья,Алекс Нагорный
Тень Ворона,Сергей Орлов
Цитадели гордыни. Клинок клана,Алекс Каменев
Смертник из рода Валевских. Книга 4,Василий Маханенко
Одарённый. Книга 1. Ученик,Тим Волков
Берсерк забытого клана. Варлоды и Школа Берсерка,Алекс Нагорный
Берсерк забытого клана. Тернии Великого Разлома,Алекс Нагорный
Возрождение Феникса. Книга 2,Григорий Володин
Цитадели гордыни. Клинок клана,Алекс Каменев
Берсерк забытого клана. Держава Владыки,Алекс Нагорный
Берсерк забытого клана. Стезя судьбы,Алекс Нагорный
Берсерк забытого клана. Обратная сторона Войны,Алекс Нагорный
Иностранец. Друзья и враги,Игорь Шелег
Берсерк забытого клана. Держава Владыки,Алекс Нагорный
Малахитовые щиты,Элиан Тарс
Менталист. Эмансипация,Андрей Еслер
Цитадели гордыни. Воплощение стихии,Алекс Каменев
Берсерк забытого клана. Маги Аномалии Разлома,Алекс Нагорный
Возрождение Феникса. Книга 5,Григорий Володин
Берсерк забытого клана. Фракталы потерянных душ,Алекс Нагорный
"Книга тринадцатая. Берсерк забытого клана. Фракталы
          потерянных душ",Алекс Нагорный
Цитадели гордыни. Воплощение стихии,Алекс Каменев
Берсерк забытого клана. Холод и тьма Порубежья,Алекс Нагорный
Берсерк забытого клана. Рунические войны Захребетья,Алекс Нагорный
Где-то там…,Константин Муравьёв
Князь Демидов. Книга 1,Евгений Бергер
Ботаник,Евгений Щепетнов
Берсерк забытого клана. Варлоды и Школа Берсерка,Алекс Нагорный
Берсерк забытого клана. Маги Аномалии Разлома,Алекс Нагорный
Сильнейший ученик. Книга 1,Андрей Ткачев
Разлом. Книга первая,Дмитрий Найденов
Ботаник. Поводырь,Евгений Щепетнов
Щит рода,Мелина Боярова
Ботаник. Изгой,Евгений Щепетнов
Гнев Империи. Книга 4,Findroid
Город древних,Константин Муравьёв
Оружейный Барон,Сергей Полев
Дельта. Книга 1. Вернувшийся из будущего,Борис Романовский
Дельта. Книга 3. Создающий будущее,Борис Романовский
Нейтральные миры,Константин Муравьёв
Я покорю Лабиринт с помощью техник массажа. Книга 1,Андрей Ткачев
Гиблые земли,Юрий Уленгов
Тень Ворона – 2,Сергей Орлов
Дельта. Книга 6. Нижний Мир,Борис Романовский
Боярская честь. Грани чести,Иван Щукин
Дельта. Книга 5. Новое будущее,Борис Романовский
Тень Ворона – 3,Сергей Орлов
Гиблые земли,Юрий Уленгов
Иностранец,Игорь Шелег
Иностранец,Игорь Шелег
Якудза из другого мира 3,Алексей Калинин
Менталист. Конфонтация,Андрей Еслер
Дельта. Книга 2. Меняющий будущее,Борис Романовский
Камень. Книга седьмая,Станислав Минин
Талисман для князя. Глава рода,Мелина Боярова
Дельта. Книга 4. Без будущего,Борис Романовский
Иностранец. Тернистый путь,Игорь Шелег
Оружейный барон. Том 2,Сергей Полев
Берсерк забытого клана. Холод и тьма Порубежья,Алекс Нагорный
Оружейный барон. Том 3,Сергей Полев
Иностранец. Бои без правил,Игорь Шелег
Край вечных вулканов,Юрий Уленгов
Камень. Книга восьмая,Станислав Минин
Камень. Книга девятая,Станислав Минин
"Не наследник, которому по…",Александр Курзанцев
Камень. Книга шестая,Станислав Минин
Где-то там…,Константин Муравьёв
Воздушные фрегаты. Пилот,Антон Перунов
Сам себе клан,Сергей Мусаниф
Город древних,Константин Муравьёв
"Наследник, которому по…",Александр Курзанцев
Разлом. Столичный мажор. Книга пятая,Дмитрий Найденов
Разлом. Вторжение. Книга седьмая,Дмитрий Найденов
Разлом. Академия. Книга шестая,Дмитрий Найденов
Разлом. Мир меча и магии. Книга восьмая,Дмитрий Найденов
Талисман для князя. Книга 4. Хо`шен императора,Мелина Боярова
Стреломант. Книга 1,Эл Лекс
Антимаг. Древние,Александр и Евгения Гедеон
Сокрушая великих. Книга 1,Денис Деев
Сильнейший ученик. Книга 3,Андрей Ткачев
Одарённый. Книга 2. Кадет,Тим Волков
Воздушные фрегаты. Пилот,Антон Перунов
Игрушка для дракона,Евгений Щепетнов
Сильнейший ученик. Книга 2,Андрей Ткачев
БЕСсильный чемпион,Григорий Володин
Бросок Кречета,Макс Соболев
Воздушные фрегаты. Юнга,Антон Перунов
Выродок из рода Ривас,Св Ск Са
Скайвэй. Книга 1,Алекс Нагорный
Менталист. Революция,Андрей Еслер
Иностранец. Друзья и враги,Игорь Шелег
Стреломант. Книга 3,Эл Лекс
Иностранец. Становление,Игорь Шелег
Иностранец. Возвращение домой,Игорь Шелег
Стреломант. Книга 4,Эл Лекс
Искусство взрывать. Книга 1,Сергей Савинов
Иностранец. Тайные игры,Игорь Шелег
Стреломант. Книга 5,Эл Лекс
Иностранец (Сборник),Игорь Шелег
Клан у пропасти,Николай Метельский
Малахитовые щиты,Элиан Тарс
Инструктор,Ян Бадевский
Берсерк забытого клана. Тайна Одинокого Бастиона,Алекс Нагорный
Ари Ками. Книга 1,Александр Гаврилов
Воздушные фрегаты. Юнга,Антон Перунов
Наследник рода Ривас,Св Ск Са
Каракал,Владимир Матвеев
Еретик,Алекс Нагорный
Коллекционер душ. Книга 3,Михаил Липарк
Искусство взрывать. Книга 2,Сергей Савинов
Падение в небо,Алекс Нагорный
Неон. Первые шаги. Книга первая,Алекс Нагорный
Возрождение Феникса. Книга 3,Григорий Володин
Иностранец. Становление,Игорь Шелег
Возрождение Феникса. Книга 4,Григорий Володин
Берсерк забытого клана. Стезя судьбы,Алекс Нагорный
Берсерк забытого клана. Тернии Великого Разлома,Алекс Нагорный
Слово и Чистота. Проекция,Александр Зайцев
Ботаник,Евгений Щепетнов
Легион уходит в бой,Алекс Нагорный
Иностранец. Тайные игры,Игорь Шелег
Скайвэй. Книга 1,Алекс Нагорный
Надежда рода,Мелина Боярова
Скайвэй. Книга 2. Скайтайм,Алекс Нагорный
Дух воина,Марианна Красовская
Нейрокомандор. Книга 1. Пси-Фактор. Адепты с Земли,Алекс Нагорный
Клан заката. Наследник,Михаил Тихонов
Иностранец. Возвращение домой,Игорь Шелег
Тень Ворона – 4,Сергей Орлов
Камень,Станислав Минин
Ботаник. Изгой,Евгений Щепетнов
Иностранец. Тернистый путь,Игорь Шелег
Последняя схватка,Алекс Нагорный
Ботаник. Поводырь,Евгений Щепетнов
Тень Ворона – 5,Сергей Орлов
Берсерк забытого клана. Тени забытых пророчеств,Алекс Нагорный
Крылья Мальгуса. Ступень первая,Инди Видум
Древо. Пожиратель,Андрей Рымин
Смерть может танцевать,Макс Вальтер
Изгои звездной империи,Алекс Нагорный
Древо. Пожиратель,Андрей Рымин
Камень. Книга третья,Станислав Минин
Камень. Книга четвертая,Станислав Минин
Кронпринц мятежной галактики 1. Скайфай,Алекс Нагорный
Книжник. Книга 1,Константин Назимов
Якудза из другого мира 2,Алексей Калинин
Камень. Книга пятая,Станислав Минин
Непробиваемый. Книга 1,Евгений Пожидаев
Путь чести,Иван Щукин
Костер в ночи,Василий Криптонов
Боярская честь. Грани чести,Иван Щукин
"Не наследник, которому по…",Александр Курзанцев
Сокрушая великих. Книга 1,Денис Деев
Нейтральные миры,Константин Муравьёв
Камень. Книга вторая,Станислав Минин
Якудза из другого мира,Алексей Калинин
Бастард-2,Евгений Щепетнов
Оружейный барон. Том 4,Сергей Полев
Я покорю Лабиринт с помощью техник массажа. Книга 6,Андрей Ткачев
Якудза из другого мира 6,Алексей Калинин
Где-то там: Где-то там. Город Древних,Константин Муравьёв
Книжник. Книга 2. Школа магии,Константин Назимов
Слово и Чистота. Отражение,Александр Зайцев
Бастард,Евгений Щепетнов
Мастер печатей,Сергей Гусаров
Хрономаг. Книга 1,Агата Фишер
Эпилог Цивилизации. Том 2. Агония,Макс Вальтер
Еретик,Алекс Нагорный
Крылья Мальгуса. Падение,Инди Видум
"Наследник, которому по…",Александр Курзанцев
Сокрушая великих. Книга 3,Денис Деев
Смерть может танцевать 2,Макс Вальтер
Скайрок. Воздаяние паранормов,Алекс Нагорный
Слово и Чистота. Иллюзия,Александр Зайцев
Смерть может танцевать 5,Макс Вальтер
Сокрушая великих. Книга 2,Денис Деев
Двуглавый Орден Империи Росс. Одна магическая длань,Алекс Нагорный
Тактика малых групп. Часть 1,Александр Зайцев
Новая жизнь Вечного стража. Том 1,Сергей Баранников
Кронпринц мятежной галактики 2. Скайлайн,Алекс Нагорный
Наследие древних. Начало,Дмитрий Найденов
Отшельник. Клан Заката – 2,Михаил Тихонов
Разлом Тёмный лес. Книга третья,Дмитрий Найденов
Зажжённый факел,Василий Криптонов
Отшельники. Клан Заката,Михаил Тихонов
Стреломант. Книга 2,Эл Лекс
Якудза из другого мира 4,Алексей Калинин
Смерть может танцевать 4,Макс Вальтер
Якудза из другого мира 5,Алексей Калинин
Корректировщик,Ян Бадевский
Нерушимый – 2,Денис Ратманов
Нейрокомандор. Книга 1. Пси-Фактор. Адепты с Земли,Алекс Нагорный
Двуглавый Орден Империи Росс. Магия изначальная,Алекс Нагорный
Ари Ками. Книга 2. Кланы,Александр Гаврилов
Край вечных вулканов,Юрий Уленгов
Макото. Книга 2,Алексей Шмаков
Смерть может танцевать 3,Макс Вальтер
Нейтральные миры: Нейтральные миры. Мастер лута,Константин Муравьёв
Я покорю Лабиринт с помощью техник массажа. Книга 2,Андрей Ткачев
Хранитель. Книга 1,Максим Зарецкий
Слово и Чистота: Отблеск,Александр Зайцев
Ари Ками. Книга 3. Системная ошибка,Александр Гаврилов
Дар Смерти,Алексей Любушкин
Я покорю Лабиринт с помощью техник массажа. Книга 5,Андрей Ткачев
Двуглавый Орден Империи Росс. Прибытие в школу магии,Алекс Нагорный
БЕСсильный чемпион,Григорий Володин
Сила крови,Алекс Каменев
Нерушимый – 3,Денис Ратманов
Бастард-2,Евгений Щепетнов
Слово и Чистота. Отражение,Александр Зайцев
Макото. Книга 5,Алексей Шмаков
Макото. Книга 1,Алексей Шмаков
Слово и Чистота: Отблеск,Александр Зайцев
Скайрок. Воздаяние паранормов,Алекс Нагорный
Якудза из другого мира 7,Алексей Калинин
Слово и чистота: Излом,Александр Зайцев
Макото. Книга 3,Алексей Шмаков
Клан Заката. Кочевник,Михаил Тихонов
Слово и Чистота. Иллюзия,Александр Зайцев
Эволюция монстра. Книга 1,Руслан Рубцов
Клан Когтей,Ян Бадевский
Оружейный Барон,Сергей Полев
Следы на воде,Сергей Ефанов
Гнев Империи. Книга 1,Findroid
Душа короля. Книга 1,Сергей Савинов
Душа короля. Книга 4,Сергей Савинов
Эпилог Цивилизации. Том 1. Крамола,Макс Вальтер
Гром гремит дважды,Мила Бачурова
Макото. Книга 4,Алексей Шмаков
Бросок Кречета,Макс Соболев
Мастер печатей,Сергей Гусаров
Смерть может танцевать 5,Макс Вальтер
Я покорю Лабиринт с помощью техник массажа. Книга 3,Андрей Ткачев
Тень души,Алексей Лавров
Эпилог Цивилизации. Том 2. Агония,Макс Вальтер
Проклятие Усердия,Евгений Нетт
Я покорю Лабиринт с помощью техник массажа. Книга 4,Андрей Ткачев
Сила крови III,Алекс Каменев
Проклятие Усердия. Том 2,Евгений Нетт
Неон. Первые шаги. Книга первая,Алекс Нагорный
Тактика малых групп. Часть 2,Александр Зайцев
Двуглавый Орден Империи Росс. Прибытие в школу магии,Алекс Нагорный
Мифы и легенды. Начало,Сергей Карелин
Эволюция монстра. Книга 2,Руслан Рубцов
Двуглавый Орден Империи Росс. Одна Магическая Длань,Алекс Нагорный
Сам себе князь,Сергей Мусаниф
Душа короля. Книга 3,Сергей Савинов
Отшельник. Клан Заката – 2,Михаил Тихонов
Эпилог Цивилизации. Том 1. Крамола,Макс Вальтер
Наследие Древних. Империя превыше всего,Дмитрий Найденов
Двуглавый Орден Империи Росс. Магия изначальная,Алекс Нагорный
Игрушка для дракона,Евгений Щепетнов
Путь Орла. Книга 1. Ассимиляция,Алексей Имп
Сила крови II,Алекс Каменев
Разлом. Магическая школа. Книга вторая,Дмитрий Найденов
Гнев Империи. Книга 3,Findroid
Хрономаг. Книга 3,Агата Фишер
Maximus Rex: О.Р.Д.А.,Алекс Делакруз
Эпилог Цивилизации. Том 3. Восхождение,Макс Вальтер
Maximus Rex: Белый отряд,Алекс Делакруз
ZZZZZZZ: Душа короля. Книга 3,Сергей Савинов
ZZZZZZZ: Душа короля. Книга 2,Сергей Савинов
Фаворит Смерти,Тим Волков
Душа короля. Книга 2,Сергей Савинов
Хрономаг. Книга 2,Агата Фишер
Кронпринц мятежной галактики: Скайфай. Скайлайн. Еретик,Алекс Нагорный
Хранитель. Книга 1,Максим Зарецкий
ZZZZZZZ: Душа короля. Книга 1,Сергей Савинов
Фаворит Смерти. Книга 2,Тим Волков
Самый быстрый,Сергей Савинов
Гром гремит дважды. Турнир,Мила Бачурова
Путь Орла. Книга 3. Киборг-маг,Алексей Имп
Тень души 4,Алексей Лавров
Путь Орла. Книга 2. Альянс с Драконами,Алексей Имп
Сокрушая великих. Книга 2,Денис Деев
Кузня крови,Михаил Игнатов
Наследник Седьмой Марки,Виталий Останин
Хоровод Невест,Сергей Ефанов
Волхв,Ян Бадевский
Герой из тени. Книга 3,Агата Фишер
Герой из тени. Книга 2,Агата Фишер
НеСказка 2. Во власти грёз,Павел Матисов
Судьба Супера,Сергей Ефанов
Кузня крови,Михаил Игнатов
Первые искры,Василий Криптонов
B.F.G. Орк,Сергей Савинов
Судьба Супера,Сергей Ефанов
Тень души,Алексей Лавров
Сокрушая великих. Книга 3,Денис Деев
Гнев Империи. Книга 2,Findroid
Подземелье по наследству. Книга 1,Кирилл Тесленок
Путь Орла. Книга 5. Угроза возвращения,Алексей Имп
Подземелье по наследству. Книга 2,Кирилл Тесленок
Тень души 3,Алексей Лавров
B.F.G. Орк,Сергей Савинов
Клан Ито. Возвращение,Вадим Фарг
Тень души 2,Алексей Лавров
Следы на воде,Сергей Ефанов
Циничный алхимик. Том 1,Сергей Полев
Руны на броне,Алексей Лавров
Хоровод Невест,Сергей Ефанов
Тень души 2,Алексей Лавров
Искусство взрывать,Сергей Савинов
НеСказка 1. Знакомство с мечтой,Павел Матисов
Тень души 3,Алексей Лавров
Подземелье по наследству. Книга 3,Кирилл Тесленок
Руны на шевронах,Алексей Лавров
Герой из тени. Книга 1,Агата Фишер
Алиса,Александр Курзанцев
Эзотерик. Вздох,Дмитрий Горюк
Герой из тени. Книга 3,Агата Фишер
Эзотерик. Вздох,Дмитрий Горюк
Вольный охотник,Виталий Останин
Филолог 2. Возрождение клана,Владимир Батаев
Искусство взрывать 2,Сергей Савинов
ZZZZZZZ: Душа короля. Книга 4,Сергей Савинов
Герой из тени. Книга 1,Агата Фишер
Руны на шевронах,Алексей Лавров
Герой из тени. Книга 2,Агата Фишер
Филолог. Магия Слова,Владимир Батаев
Бездна. Хроники другого мира,Алекс Нагорный
Цифрогелион: Оператор Бездны,Исаак Вайнберг
Мифы и легенды. Начало,Сергей Карелин
Слово и Чистота. Проекция,Александр Зайцев
АРИ КАМИ,Александр Гаврилов
У меня на вас совершенно нет времени,Юки
Дайте мне больше времени,Юки
Дочь самурая,Олег Касаткин
Берсерк забытого клана. Скрижаль,Алекс Нагорный
Дочь самурая. Три книги в одном томе,Владимир Лещенко
Дочь самурая. Владычица Востока,Владимир Лещенко
Дочь самурая. Ветер судьбы,Владимир Лещенко
Свободу демонам! Том 4,Никита Киров
Драгорн. Том VI,Радагор Воронов
Свободу демонам! Том 3,Никита Киров
Истинный князь,Дмитрий Шелег
Берсерк забытого клана. Врата войны,Алекс Нагорный
Цитадели гордыни 9. Бастионы гордыни,Алекс Каменев
Тень Ворона,Сергей Орлов
Разлом. В поисках филактерии. Книга десятая,Дмитрий Найденов
Свободу демонам!,Никита Киров
Свободу демонам! Том 2,Никита Киров
Слуга государя 2,Александр Гаврилов
Под светом чужой звезды,Андрей Никонов
Слуга государя,Александр Гаврилов
Тень Ворона – 3,Сергей Орлов
Древо IV Игрок,Андрей Рымин
Удар! Ещё удар!!,Александр Гаврилов
На гребне обстоятельств,Дмитрий Шелег
Драгорн. Том VI,Радагор Воронов
Драгорн. Том III,Радагор Воронов
Разлом. Столичный мажор. Книга пятая,Дмитрий Найденов
Разлом. Академия. Книга шестая,Дмитрий Найденов
Тень Ворона – 5,Сергей Орлов
Драгорн. Том V,Радагор Воронов
Циничный алхимик,Сергей Полев
Тень Ворона – 2,Сергей Орлов
Мастер 2,Валерий Чащин
Под светом чужой звезды,Андрей Никонов
Тень Ворона – 4,Сергей Орлов
Камень. Книга вторая,Станислав Минин
Камень. Книга шестая,Станислав Минин
Циничный алхимик. Том 2,Сергей Полев
Камень. Книга седьмая,Станислав Минин
Смерть может танцевать,Макс Вальтер
Циничный алхимик. Том 3,Сергей Полев
Разлом Тёмный лес. Книга третья,Дмитрий Найденов
Драгорн. Том IV,Радагор Воронов
Камень. Книга четвертая,Станислав Минин
БЕСсильный чемпион. Том 2,Григорий Володин
Камень. Книга девятая,Станислав Минин
Камень. Книга восьмая,Станислав Минин
Драгорн. Том V,Радагор Воронов
БЕСсильный чемпион. Том 3,Григорий Володин
Я – палач. Том 2,Никита Киров
Библиотекарь государя,Антон Старновский
Сила крови II,Алекс Каменев
Смерть может танцевать 6,Макс Вальтер
Сила крови III,Алекс Каменев
Волков. Гимназия №6,Валерий Пылаев
Макото. Том первый,Алексей Шмаков
Макото. Том третий,Алексей Шмаков
Лисовский. Всевидящий барон,Антон Старновский
Древо II. Заговорщик,Андрей Рымин
Нерушимый – 3,Денис Ратманов
Макото. Том четвёртый,Алексей Шмаков
Пожиратель времени. Том 1,Никита Киров
Хранитель рода государева 5,Алексей Шмаков
Пожиратель времени. Том 2,Никита Киров
Maximus Rex: Белый отряд,Алекс Делакруз
Кронпринц мятежной галактики 2. Скайлайн,Алекс Нагорный
Я – палач. Том 3,Никита Киров
Кронпринц мятежной галактики 1. Скайфай,Алекс Нагорный
Драгорн. Том IV,Радагор Воронов
Древо III Дикий,Андрей Рымин
Драгорн. Том III,Радагор Воронов
Я убил Бессмертного. Том 1,Оро Призывающий
Иностранец. Бои без правил,Игорь Шелег
Драгорн. Том I,Радагор Воронов
Бездна. Хроники другого мира,Алекс Нагорный
Драгорн. Том I,Радагор Воронов
Удар! Ещё удар!! 2,Александр Гаврилов
Драгорн. Том II,Радагор Воронов
Андер. Книга первая,Виктор Викторов
Князь Барятинский 2. Императорская Академия,Мила Бачурова
Разлом. Вторжение. Книга седьмая,Дмитрий Найденов
Не грози Дубровскому!,Антон Панарин
Разлом. Магическая школа. Книга вторая,Дмитрий Найденов
Хранитель рода государева,Алексей Шмаков
Сила крови,Алекс Каменев
Бандит-6. Король,Евгений Щепетнов
КРОНД #2: Джокер преступного мира,Кирилл Неумытов
Я – палач,Никита Киров
Софья. Другой мир 2,Нина Ахминеева
Повелитель потоков,Андрей Никонов
Не грози Дубровскому! Том II,Антон Панарин
Разлом. Мир меча и магии. Книга восьмая,Дмитрий Найденов
Дух воина,Марианна Красовская
Драгорн. Том II,Радагор Воронов
Наследие древних. Начало,Дмитрий Найденов
Разлом. Книга первая,Дмитрий Найденов
Камень. Книга третья,Станислав Минин
Бастард,Евгений Щепетнов
Смерть может танцевать 3,Макс Вальтер
Крысиный бег. Иллюстрированный роман,Антонио Морале
Синдикат. Том 1,Жорж Бор
Софья. Другой мир,Нина Ахминеева
Мастер лута,Константин Муравьёв
Повелитель потоков,Андрей Никонов
Смерть может танцевать 2,Макс Вальтер
Андер. Книга вторая,Виктор Викторов
Новая жизнь Вечного стража. Том 1,Сергей Баранников
Камень. Книга пятая,Станислав Минин
Библиотекарь государя,Антон Старновский
Смерть может танцевать 6,Макс Вальтер
Наследие Древних. Академия. Книга вторая,Дмитрий Найденов
Мастер 3,Валерий Чащин
Ари ками,Александр Гаврилов
Синдикат. Том 2,Жорж Бор
Наследие Древних. Империя превыше всего,Дмитрий Найденов
Угнетатель аристократов,Антон Старновский
Крысиный бег – 2,Антонио Морале
Отшельники. Клан Заката,Михаил Тихонов
Хранитель рода государева 6,Алексей Шмаков
Менталист. Эмансипация,Андрей Еслер
Исправляем прошлое. Надежно. С гарантией,Эдуард Семенов
Наследие Древних. Внешняя угроза. Книга четвёртая,Дмитрий Найденов
Макото. Том пятый,Алексей Шмаков
Попал! Том 6,Извращенный Отшельник
Смерть может танцевать 4,Макс Вальтер
Макото. Том второй,Алексей Шмаков
Повелитель Хаоса. Книга 5,Алексей Губарев
Ари Ками 2. Кланы,Александр Гаврилов
Новая жизнь Вечного стража. Том 2,Сергей Баранников
Хранитель рода государева 2,Алексей Шмаков
Ушедшие. Бастард. Книга вторая,Дмитрий Найденов
Ари Ками 3. Системная ошибка,Александр Гаврилов
Синдикат. Экономика Тьмы,Жорж Бор
Хранитель рода государева 3,Алексей Шмаков
БЕСсильный чемпион. Том 3,Григорий Володин
Первые искры,Василий Криптонов
Нерушимый – 2,Денис Ратманов
Хранитель рода государева 4,Алексей Шмаков
Синдикат. Экономика Тьмы 2,Жорж Бор
Синдикат. Объединение,Жорж Бор
Синдикат. Синдикат. Второй ярус,Жорж Бор
Андер. Книга вторая,Виктор Викторов
Юнисфера-1. Инферно,Андрей Ефремов
Девятый 2,Алексей Шмаков
Крысиный бег,Антонио Морале
Командировка русского охотника на демонов,Кирилл Неумытов
Угнетатель аристократов,Антон Старновский
Абсорбер,Игорь Углов
Мантия Некро: Промежуток средней полосы. Том 1,Геннадий Источник
Девятый,Алексей Шмаков
Арчи. Золотая Кровь,Борис Романовский
Maximus Rex: О.Р.Д.А.,Алекс Делакруз
БЕСсильный чемпион. Том 2,Григорий Володин
Андер. Книга первая,Виктор Викторов
Девятый,Алексей Шмаков
Хранитель рода государева 2,Алексей Шмаков
Звено цепи,Ален Шако
Юридическое агентство VAR. Том I,Татьяна Беляева
Алиса,Александр Курзанцев
Игра на выживание. Слава или Любовь?,Руслан Ушаков
Девятый 3,Алексей Шмаков
Девятый 2,Алексей Шмаков
Исправляем прошлое. По заданию Правительства,Эдуард Семенов
Эра Огня 4. Костёр в ночи,Василий Криптонов
Коллекционер душ. Книга 5,Михаил Липарк
Последний всадник Апокалипсиса. Том 1,Владимир Поздняков
Повелитель Хаоса. Книга 5,Алексей Губарев
Наследие Древних. Внешняя угроза. Книга четвёртая,Дмитрий Найденов
Хранитель рода государева 4,Алексей Шмаков
Хранитель рода государева 3,Алексей Шмаков
Якудза из другого мира 3,Алексей Калинин
Адашев. Северские земли,Сергей Волчок
Хранитель рода государева 5,Алексей Шмаков
Эра Огня 3. Зажжённый факел,Василий Криптонов
Ушедшие. Родовые земли. Книга третья,Дмитрий Найденов
Наследие Древних. Академия. Книга вторая,Дмитрий Найденов
Командировка русского охотника на демонов,Кирилл Неумытов
Путь Орла. Книга 3. Киборг-маг,Алексей Имп
Эра Огня 2. Непогашенная свеча,Василий Криптонов
Девятый 4,Алексей Шмаков
Архонты,Гордей Климов
Девушка и Большой Красный Дракон,Руслан Ушаков
Игра на выживание. Слава или Любовь?,Руслан Ушаков
Эволюция монстра,Руслан Рубцов
Путь Орла. Книга 1. Ассимиляция,Алексей Имп
Ушедшие. Пограничная зона. Книга четвёртая,Дмитрий Найденов
Якудза из другого мира 4,Алексей Калинин
Девятый 3,Алексей Шмаков
Хранитель рода государева,Алексей Шмаков
Хранитель рода государева 6,Алексей Шмаков
Космическая сага. Альфа Центавра. Книга вторая,Дмитрий Найденов
Монета Судьбы,Борис Романовский
Путь Орла. Книга 2. Альянс с Драконами,Алексей Имп
Мастер…,Валерий Чащин
Эра Огня 5. Мятежное пламя,Василий Криптонов
Приручитель 1,Евгений Лисицин
Я убил Бессмертного. Том 3,Оро Призывающий
Проклятие Усердия,Евгений Нетт
Думер,Игорь Нокс
Путь Орла. Книга 4. Брошенный во времени,Алексей Имп
Последний из рода Саламандр,Игорь Углов
"Похоже, я шизофреник, пожирающий магию. Том 1",Николай Новиков
Эпилог Цивилизации. Том 4. Империя,Макс Вальтер
Валет,Николай Марчук
Валет,Николай Марчук
"Похоже, я шизофреник, пожирающий магию. Том 2",Николай Новиков
Я убил Бессмертного. Том 2,Оро Призывающий
Я убил Бессмертного. Том 1,Оро Призывающий
Последний из рода Саламандр – 3. Демоны и эльфы,Игорь Углов
Последний из рода Саламандр – 2. Земли Адохира,Игорь Углов
Филолог. Магия Слова,Владимир Батаев
Проклятие Усердия. Том 2,Евгений Нетт
Крысиный бег – 2,Антонио Морале
Последний из рода Салмандр – 3,Игорь Углов
Филолог 2. Возрождение клана,Владимир Батаев
Последний из рода Саламандр – 2,Игорь Углов
Последний из рода Саламандр,Игорь Углов
Я убил Бессмертного. Том 4,Оро Призывающий
Бард 2,Евгений Лисицин
Я убил Бессмертного. Том 5,Оро Призывающий
Приручитель 2,Евгений Лисицин
Некий особый случай,Emory Faded
Проект Re. Том 2,Emory Faded
АТК: Начало,Семён Павлов
Приручитель 4,Евгений Лисицин
Приручитель 3,Евгений Лисицин
Наследие Маозари 2,Евгений Панежин
Наследие Маозари,Евгений Панежин
Мир 404,Илья Крымский
Проект Re. Том 3,Emory Faded
Проект Re. Том 4,Emory Faded
Из грязи в князи,Максим Гаусс
Не та прокачка 3,Максим Смогов
Некий особый случай,Emory Faded
Мир 404,Илья Крымский
Ярар. Начало,Тимофей Грехов
Архонты,Гордей Климов
Архонты 2,Гордей Климов
Интриган. Новый Петербург,Сергей Чехин
Не та прокачка 3,Максим Смогов
Не та прокачка 2,Максим Смогов
Наследник Бога. Книга I,Валерий Лашманов
Архонты 2,Гордей Климов
Цифрогелион: Оператор Бездны,Исаак Вайнберг
Абсорбер,Игорь Углов
"О людях, сверхсилах и удаче. Том 1",Александр Войкин
Дарксайдерс. Заговор чёрных слуг,Дмитрий Коваленко
Без слабостей,Poki U
Космическая сага. Альфа Центавра. Книга вторая,Дмитрий Найденов
Сиреневая госпожа поместья Лундун. Том 1,Ксения Винтер
Дракон для девушки. От ненависти до вечной любви,Руслан Ушаков
Тейлитэ-2. Меч Баа Ци,Алексей Тырышкин
Рунное наследие 2. Кровная месть,Денис Мамонов
Рунное наследие. Вдыхающая жизнь,Денис Мамонов
Камень,Станислав Минин
Ушедшие. Родовые земли. Книга третья,Дмитрий Найденов
Ушедшие. Бастард. Книга вторая,Дмитрий Найденов
Якудза из другого мира,Алексей Калинин
Якудза из другого мира 2,Алексей Калинин
История павшего ангела Катсуро,Богдан Астапов
Ушедшие. Пограничная зона. Книга четвёртая,Дмитрий Найденов
Мартынов. Неделя стюарда,Олег Соловейский
Наследник Бога. Книга II,Валерий Лашманов
Наследник Бога. Книга I,Валерий Лашманов
Таро и Хиро. Становление адских правителей,Инна Федералова
Таро. Рогатая опасность моей души,Инна Федералова
Кальдур Живой Доспех,Рост Толбери
Киберклан 90.200.10. Книга 1: Сабаи,Дмитрий Чадов
Не та прокачка,Максим Смогов
Легенда о драгниле и Сладкой Жрице,Инна Федералова
По следам искушения,Инна Федералова
Монстр (не)ищет любовь,Инна Федералова
Драгнил Тиша. Грязная история,Инна Федералова
Дрэго и Непокорная Лаурита,Инна Федералова
На поводке у ангела,Инна Федералова
Спин-офф к ранобэ «Без слабостей». Часть 1. Рухан,Poki U
"Спин-офф под названием «Хенгар» к 8 главе части 1 ранобэ
          «Без слабостей»",Poki U
Монстр (не)ищет любовь,Инна Федералова
Пророчество для демона,Инна Федералова
Цветок для неверной,Инна Федералова
Драгнилы. Культ Сладкой жрицы,Инна Федералова
На поводке у ангела,Инна Федералова
По следам искушения,Инна Федералова
Таро. Рогатая опасность моей души,Инна Федералова
Дрэго и Непокорная Лаурита,Инна Федералова
Пламенные строки холодного графа,Инна Федералова
Драгнил Тиша. Грязная история,Инна Федералова
Легенда о драгниле и Сладкой Жрице,Инна Федералова
Перст судьбы,Александр Федотов
Восхождение Дэниса,varvar
Соболев. Пробуждение дара,Аристарх Риддер
